"lemma","analysis_period","q_many_n","q_many_total","number_plural_n","number_plural_total","det_a_n","det_a_total","q_plural_n","q_plural_total","det_plural_n","det_plural_total","semantics","q_many_prop","q_many_prop_smoothed","q_many_logit_smoothed","number_plural_prop","number_plural_prop_smoothed","number_plural_logit_smoothed","det_a_prop","det_a_prop_smoothed","det_a_logit_smoothed","q_plural_prop","q_plural_prop_smoothed","q_plural_logit_smoothed","det_plural_prop","det_plural_prop_smoothed","det_plural_logit_smoothed","has_q_many","has_number_plural","has_det_a","complete_primary","min_primary_total","primary_total"
"ale","all_periods",0,0,0,184,4,13,0,4,0,13,"s",,0.5,0,0,0.0027027027027027,-5.91079664404053,0.307692307692308,0.321428571428571,-0.747214401830221,0,0.1,-2.19722457733622,0,0.0357142857142857,-3.29583686600433,FALSE,TRUE,TRUE,FALSE,0,197
"attor_poison","all_periods",0,0,9,116,0,0,0,0,0,0,"s",,0.5,0,0.0775862068965517,0.0811965811965812,-2.42619904896122,,0.5,0,,0.5,0,,0.5,0,FALSE,TRUE,FALSE,FALSE,0,116
"bearn_child","all_periods",0,0,475,729,0,0,0,0,0,0,"c",,0.5,0,0.651577503429355,0.651369863013699,0.625066045994867,,0.5,0,,0.5,0,,0.5,0,FALSE,TRUE,FALSE,FALSE,0,729
"bigleofa_food","all_periods",0,0,8,108,0,0,0,0,0,0,"s",,0.5,0,0.0740740740740741,0.0779816513761468,-2.47009156400286,,0.5,0,,0.5,0,,0.5,0,FALSE,TRUE,FALSE,FALSE,0,108
"bishop","all_periods",12,12,426,3197,50,391,17,26,92,525,"c",1,0.961538461538462,3.2188758248682,0.133249921801689,0.133364602876798,-1.87153160192813,0.127877237851662,0.128826530612245,-1.91137434272953,0.653846153846154,0.648148148148148,0.610909082322973,0.175238095238095,0.175855513307985,-1.54468315170222,TRUE,TRUE,TRUE,TRUE,12,3600
"bliss","all_periods",0,46,27,957,6,140,3,44,6,193,"a",0,0.0106382978723404,-4.53259949315326,0.0282131661442006,0.028705636743215,-3.52153607140978,0.0428571428571429,0.0460992907801418,-3.0297620221403,0.0681818181818182,0.0777777777777778,-2.47293045874128,0.0310880829015544,0.0335051546391753,-3.36197666850887,TRUE,TRUE,TRUE,TRUE,46,1143
"blood","all_periods",1,4,7,1553,6,346,0,26,0,364,"s",0.25,0.3,-0.847297860387204,0.00450740502253703,0.00482625482625483,-5.32884657158286,0.0173410404624277,0.0187319884726225,-3.95861294868798,0,0.0185185185185185,-3.97029191355212,0,0.00136986301369863,-6.59167373200866,TRUE,TRUE,TRUE,TRUE,4,1903
"book","all_periods",23,26,854,2115,179,572,59,94,133,858,"c",0.884615384615385,0.87037037037037,1.90423745265474,0.403782505910166,0.40382797731569,-0.389540265525467,0.312937062937063,0.31326352530541,-0.784905859929124,0.627659574468085,0.626315789473684,0.516443616070214,0.155011655011655,0.155413271245634,-1.69275959448394,TRUE,TRUE,TRUE,TRUE,26,2713
"brother","all_periods",3,3,860,2647,34,82,24,29,90,180,"c",1,0.875,1.94591014905531,0.324896108802418,0.324962235649547,-0.731059658916568,0.414634146341463,0.41566265060241,-0.340604473906123,0.827586206896552,0.816666666666667,1.49392502531226,0.5,0.5,0,TRUE,TRUE,TRUE,TRUE,3,2732
"butter","all_periods",0,0,0,203,0,6,0,2,0,6,"s",,0.5,0,0,0.00245098039215686,-6.00881318544259,0,0.0714285714285714,-2.56494935746154,0,0.166666666666667,-1.6094379124341,0,0.0714285714285714,-2.56494935746154,FALSE,TRUE,TRUE,FALSE,0,209
"castle","all_periods",2,2,72,539,68,345,6,12,18,416,"c",1,0.833333333333333,1.6094379124341,0.133580705009276,0.134259259259259,-1.86381278686811,0.197101449275362,0.197976878612717,-1.39898718791831,0.5,0.5,0,0.0432692307692308,0.0443645083932854,-3.06993676614599,TRUE,TRUE,TRUE,TRUE,2,886
"cloth","all_periods",1,1,212,615,62,102,6,13,20,138,"s",1,0.75,1.09861228866811,0.344715447154472,0.344967532467532,-0.641234499345532,0.607843137254902,0.606796116504854,0.433864582629862,0.461538461538462,0.464285714285714,-0.143100843640673,0.144927536231884,0.147482014388489,-1.75448807443082,TRUE,TRUE,TRUE,TRUE,1,718
"country","all_periods",17,17,204,2073,173,1023,50,149,67,1393,"c",1,0.972222222222222,3.55534806148941,0.0984081041968162,0.0986017357762777,-2.21285831893431,0.16911045943304,0.16943359375,-1.589646812449,0.335570469798658,0.336666666666667,-0.678184307883233,0.0480976310122039,0.0484218077474892,-2.97817157569931,TRUE,TRUE,TRUE,TRUE,17,3113
"craft","all_periods",3,6,141,431,4,18,11,19,6,27,"a",0.5,0.5,0,0.327146171693735,0.327546296296296,-0.719303859208674,0.222222222222222,0.236842105263158,-1.17007125265025,0.578947368421053,0.575,0.302280871872934,0.222222222222222,0.232142857142857,-1.19625075823203,TRUE,TRUE,TRUE,TRUE,6,455
"creature","all_periods",0,0,265,931,88,268,78,154,52,572,"c",,0.5,0,0.284640171858217,0.284871244635193,-0.92042529893677,0.328358208955224,0.328996282527881,-0.712728225759052,0.506493506493506,0.506451612903226,0.0258078839558727,0.0909090909090909,0.0916230366492147,-2.29397671845745,FALSE,TRUE,TRUE,FALSE,0,1199
"daughter","all_periods",0,0,278,1345,53,132,3,4,21,159,"c",,0.5,0,0.206691449814126,0.206909361069837,-1.34365668573544,0.401515151515151,0.402255639097744,-0.396075367758325,0.75,0.7,0.847297860387203,0.132075471698113,0.134375,-1.86281739049378,FALSE,TRUE,TRUE,FALSE,0,1477
"day","all_periods",77,90,2941,10628,438,2407,262,780,503,3903,"a",0.855555555555556,0.851648351648352,1.74758825091492,0.27672186676703,0.276742873271239,-0.960675977810262,0.181969256335688,0.182101328903654,-1.50217517059872,0.335897435897436,0.336107554417414,-0.680688945637903,0.128875224186523,0.128970286885246,-1.91009404645708,TRUE,TRUE,TRUE,TRUE,90,13125
"death","all_periods",0,0,31,3192,26,393,2,11,2,425,"a",,0.5,0,0.00971177944862155,0.00986533041027247,-4.60881433166708,0.0661577608142494,0.067258883248731,-2.62957858566072,0.181818181818182,0.208333333333333,-1.33500106673234,0.00470588235294118,0.00586854460093897,-5.13226278221795,FALSE,TRUE,TRUE,FALSE,0,3585
"devil","all_periods",1,6,432,1657,43,90,11,18,26,126,"c",0.166666666666667,0.214285714285714,-1.29928298413026,0.260712130356065,0.260856453558504,-1.04152187659623,0.477777777777778,0.478021978021978,-0.0879687729459569,0.611111111111111,0.605263157894737,0.42744401482694,0.206349206349206,0.208661417322835,-1.33301299450695,TRUE,TRUE,TRUE,TRUE,6,1753
"doom","all_periods",0,31,119,913,4,72,0,7,4,87,"a",0,0.015625,-4.14313472639153,0.130339539978094,0.13074398249453,-1.89439661460521,0.0555555555555556,0.0616438356164384,-2.72275634849191,0,0.0625,-2.70805020110221,0.0459770114942529,0.0511363636363636,-2.92076923508054,TRUE,TRUE,TRUE,TRUE,31,1016
"dust","all_periods",0,0,2,370,5,52,0,1,0,55,"s",,0.5,0,0.00540540540540541,0.00673854447439353,-4.99314997975524,0.0961538461538462,0.10377358490566,-2.15598161880217,0,0.25,-1.09861228866811,0,0.00892857142857143,-4.70953020131233,FALSE,TRUE,TRUE,FALSE,0,422
"earth","all_periods",0,1,11,2525,5,828,0,21,5,864,"s",0,0.25,-1.09861228866811,0.00435643564356436,0.00455265241488519,-5.38748222024282,0.00603864734299517,0.00663449939686369,-5.00881545737927,0,0.0227272727272727,-3.76120011569356,0.00578703703703704,0.00635838150289017,-5.05160273258448,TRUE,TRUE,TRUE,TRUE,1,3354
"eced_acid","all_periods",0,0,0,191,0,0,0,0,0,0,"s",,0.5,0,0,0.00260416666666667,-5.94803498918065,,0.5,0,,0.5,0,,0.5,0,FALSE,TRUE,FALSE,FALSE,0,191
"emperor","all_periods",0,0,46,594,9,265,0,2,34,329,"c",,0.5,0,0.0774410774410774,0.0781512605042017,-2.46773496712197,0.0339622641509434,0.0357142857142857,-3.29583686600433,0,0.166666666666667,-1.6094379124341,0.103343465045593,0.104545454545455,-2.14770951280884,FALSE,TRUE,TRUE,FALSE,0,859
"enemy","all_periods",3,3,541,1088,75,393,31,40,43,439,"c",1,0.875,1.94591014905531,0.497242647058824,0.497245179063361,-0.0110193952496103,0.190839694656489,0.191624365482233,-1.43948981875724,0.775,0.768292682926829,1.19869574722509,0.0979498861047836,0.0988636363636364,-2.20991510298026,TRUE,TRUE,TRUE,TRUE,3,1484
"evil","all_periods",26,61,276,1644,35,142,27,105,47,220,"a",0.426229508196721,0.42741935483871,-0.292387963489193,0.167883211678832,0.168085106382979,-1.59925970751834,0.246478873239437,0.248251748251748,-1.10795815108635,0.257142857142857,0.259433962264151,-1.04891262011584,0.213636363636364,0.214932126696833,-1.29544788834632,TRUE,TRUE,TRUE,TRUE,61,1847
"eye","all_periods",1,44,1736,2791,64,250,20,50,186,444,"c",0.0227272727272727,0.0333333333333333,-3.36729582998647,0.621999283410964,0.62195558739255,0.497857004895754,0.256,0.256972111553785,-1.06176601528214,0.4,0.401960784313726,-0.397301797469003,0.418918918918919,0.419101123595506,-0.326464454864614,TRUE,TRUE,TRUE,TRUE,44,3085
"fæt_cup","all_periods",0,0,272,400,0,0,0,0,0,0,"c",,0.5,0,0.68,0.679551122194514,0.751709709768025,,0.5,0,,0.5,0,,0.5,0,FALSE,TRUE,FALSE,FALSE,0,400
"father","all_periods",4,4,429,4194,61,262,9,14,45,323,"c",1,0.9,2.19722457733622,0.102288984263233,0.10238379022646,-2.1710141921171,0.232824427480916,0.23384030418251,-1.18675220657427,0.642857142857143,0.633333333333333,0.54654370636807,0.139318885448916,0.140432098765432,-1.81170573341043,TRUE,TRUE,TRUE,TRUE,4,4460
"feoh_cattle","all_periods",0,0,1,354,0,0,0,0,0,0,"s",,0.5,0,0.00282485875706215,0.00422535211267606,-5.46241837722846,,0.5,0,,0.5,0,,0.5,0,FALSE,TRUE,FALSE,FALSE,0,354
"fish","all_periods",1,1,179,492,20,76,8,27,27,111,"c",1,0.75,1.09861228866811,0.363821138211382,0.364097363083164,-0.557624152144642,0.263157894736842,0.266233766233766,-1.01381575200803,0.296296296296296,0.303571428571429,-0.83034830207343,0.243243243243243,0.245535714285714,-1.1225655296906,TRUE,TRUE,TRUE,TRUE,1,569
"flesh","all_periods",1,2,10,1165,12,236,1,71,0,256,"s",0.5,0.5,0,0.00858369098712446,0.00900514579759863,-4.70091317255096,0.0508474576271186,0.0527426160337553,-2.88814706287405,0.0140845070422535,0.0208333333333333,-3.85014760171006,0,0.00194552529182879,-6.24027584517077,TRUE,TRUE,TRUE,TRUE,2,1403
"folk","all_periods",27,66,229,3337,7,205,21,157,32,356,"c",0.409090909090909,0.41044776119403,-0.362114667234551,0.0686245130356608,0.0687537447573397,-2.60599254420879,0.0341463414634146,0.0364077669902913,-3.27588607958498,0.133757961783439,0.136075949367089,-1.8482716794914,0.0898876404494382,0.0910364145658263,-2.30104544680845,TRUE,TRUE,TRUE,TRUE,66,3608
"fruit","all_periods",1,11,150,656,11,178,12,45,64,259,"s",0.0909090909090909,0.125,-1.94591014905531,0.228658536585366,0.229071537290715,-1.21356123949981,0.0617977528089888,0.0642458100558659,-2.67863631589592,0.266666666666667,0.271739130434783,-0.985816794522765,0.247104247104247,0.248076923076923,-1.10889515562369,TRUE,TRUE,TRUE,TRUE,11,845
"fur","all_periods",0,1,6,162,4,37,0,10,0,51,"s",0,0.25,-1.09861228866811,0.037037037037037,0.0398773006134969,-3.18125383307862,0.108108108108108,0.118421052631579,-2.00746804205475,0,0.0454545454545455,-3.04452243772342,0,0.00961538461538462,-4.63472898822964,TRUE,TRUE,TRUE,TRUE,1,200
"gebroþor_brethren","all_periods",0,0,511,511,0,0,0,0,0,0,"c",,0.5,0,1,0.9990234375,6.93049476595163,,0.5,0,,0.5,0,,0.5,0,FALSE,TRUE,FALSE,FALSE,0,511
"geleafa_belief","all_periods",0,0,2,1289,0,0,0,0,0,0,"a",,0.5,0,0.00155159038013964,0.00193798449612403,-6.24416690066374,,0.5,0,,0.5,0,,0.5,0,FALSE,TRUE,FALSE,FALSE,0,1289
"gold","all_periods",0,5,1,763,11,70,0,17,0,82,"s",0,0.0833333333333333,-2.39789527279837,0.00131061598951507,0.00196335078534031,-6.2311374003734,0.157142857142857,0.161971830985915,-1.64362927718238,0,0.0277777777777778,-3.55534806148941,0,0.00602409638554217,-5.10594547390058,TRUE,TRUE,TRUE,TRUE,5,838
"grace","all_periods",0,4,52,1212,29,239,9,31,25,313,"a",0,0.1,-2.19722457733622,0.0429042904290429,0.0432811211871393,-3.09579305611691,0.121338912133891,0.122916666666667,-1.96509538977666,0.290322580645161,0.296875,-0.862223510603879,0.0798722044728434,0.0812101910828025,-2.42601663378377,TRUE,TRUE,TRUE,TRUE,4,1455
"hand","all_periods",1,3,1575,3923,72,572,40,58,219,807,"c",0.333333333333333,0.375,-0.510825623765991,0.401478460361968,0.401503567787971,-0.39920414426972,0.125874125874126,0.12652705061082,-1.93202103689465,0.689655172413793,0.686440677966102,0.783531242028214,0.271375464684015,0.271658415841584,-0.986224694185105,TRUE,TRUE,TRUE,TRUE,3,4498
"heart","all_periods",2,2,470,3550,94,483,12,160,54,566,"c",1,0.833333333333333,1.6094379124341,0.132394366197183,0.132497887918896,-1.87905124142919,0.194616977225673,0.195247933884298,-1.41626403081111,0.075,0.077639751552795,-2.4748563139345,0.0954063604240283,0.0961199294532628,-2.24110000934337,TRUE,TRUE,TRUE,TRUE,2,4035
"heaven","all_periods",0,0,993,1545,3,24,1,3,64,88,"a",,0.5,0,0.642718446601942,0.642626131953428,0.586780628599964,0.125,0.14,-1.81528996663825,0.333333333333333,0.375,-0.510825623765991,0.727272727272727,0.724719101123595,0.967992106251045,FALSE,TRUE,TRUE,FALSE,0,1569
"honey","all_periods",0,0,0,433,1,17,0,6,0,19,"s",,0.5,0,0,0.00115207373271889,-6.76503897678054,0.0588235294117647,0.0833333333333333,-2.39789527279837,0,0.0714285714285714,-2.56494935746154,0,0.025,-3.66356164612965,FALSE,TRUE,TRUE,FALSE,0,450
"horse","all_periods",10,10,716,1945,291,611,45,75,81,723,"c",1,0.954545454545455,3.04452243772342,0.368123393316195,0.368191161356629,-0.539984614388021,0.476268412438625,0.476307189542484,-0.0948422705701778,0.6,0.598684210526316,0.399985642343539,0.112033195020747,0.112569060773481,-2.06476379652256,TRUE,TRUE,TRUE,TRUE,10,2566
"hound","all_periods",0,2,137,256,12,17,1,3,23,45,"c",0,0.166666666666667,-1.6094379124341,0.53515625,0.535019455252918,0.140307545735061,0.705882352941177,0.694444444444444,0.82098055206983,0.333333333333333,0.375,-0.510825623765991,0.511111111111111,0.510869565217391,0.0434851119397391,TRUE,TRUE,TRUE,TRUE,2,275
"house","all_periods",6,7,433,3597,213,1318,49,103,110,1536,"c",0.857142857142857,0.8125,1.46633706879343,0.120378092855157,0.120483602001112,-1.98785854799476,0.161608497723824,0.161865049279757,-1.64441616762882,0.475728155339806,0.475961538461538,-0.0962280320945539,0.0716145833333333,0.071893298633702,-2.55796364969575,TRUE,TRUE,TRUE,TRUE,7,4922
"charity","all_periods",0,4,10,421,11,26,0,13,3,37,"a",0,0.1,-2.19722457733622,0.0237529691211401,0.0248815165876777,-3.66843376295365,0.423076923076923,0.425925925925926,-0.298492988555997,0,0.0357142857142857,-3.29583686600433,0.0810810810810811,0.0921052631578947,-2.28819635554195,TRUE,TRUE,TRUE,TRUE,4,451
"king","all_periods",19,22,787,9460,140,2953,55,84,231,3612,"c",0.863636363636364,0.847826086956522,1.71765149707433,0.0831923890063425,0.0832364443504915,-2.39916430850168,0.0474094141550965,0.0475626269465132,-2.99697705009953,0.654761904761905,0.652941176470588,0.631992757406615,0.063953488372093,0.0640741765845558,-2.68149480348871,TRUE,TRUE,TRUE,TRUE,22,12435
"land","all_periods",18,20,416,4254,60,964,50,188,75,1344,"a",0.9,0.880952380952381,2.00148000021012,0.0977903149976493,0.0978848413631022,-2.22095048266106,0.0622406639004149,0.0626943005181347,-2.70473893979855,0.265957446808511,0.267195767195767,-1.00889698934608,0.0558035714285714,0.0561338289962825,-2.82224574488975,TRUE,TRUE,TRUE,TRUE,20,5238
"lift_air","all_periods",0,0,3,107,0,0,0,0,0,0,"s",,0.5,0,0.0280373831775701,0.0324074074074074,-3.3964241029095,,0.5,0,,0.5,0,,0.5,0,FALSE,TRUE,FALSE,FALSE,0,107
"loaf","all_periods",0,0,171,535,18,24,0,1,19,45,"s",,0.5,0,0.319626168224299,0.319962686567164,-0.753943284842718,0.75,0.74,1.04596855518269,0,0.25,-1.09861228866811,0.422222222222222,0.423913043478261,-0.306730267422475,FALSE,TRUE,TRUE,FALSE,0,559
"lore","all_periods",1,4,105,1246,3,26,1,12,0,57,"a",0.25,0.3,-0.847297860387204,0.0842696629213483,0.0846030473135525,-2.38138751305373,0.115384615384615,0.12962962962963,-1.90423745265475,0.0833333333333333,0.115384615384615,-2.03688192726104,0,0.00862068965517241,-4.74493212836325,TRUE,TRUE,TRUE,TRUE,4,1276
"love","all_periods",0,31,50,3247,39,432,5,62,3,519,"a",0,0.015625,-4.14313472639153,0.0153988296889436,0.0155480295566502,-4.14815119717168,0.0902777777777778,0.0912240184757506,-2.29878039595038,0.0806451612903226,0.0873015873015873,-2.34703685556488,0.00578034682080925,0.00673076923076923,-4.99431232006433,TRUE,TRUE,TRUE,TRUE,31,3710
"man","all_periods",409,410,11923,25501,2749,4047,902,2507,980,5790,"c",0.997560975609756,0.996350364963504,5.60947179518495,0.467550292145406,0.46755156458317,-0.12997641677688,0.679268594020262,0.679224308300395,0.750209324845066,0.359792580773833,0.359848484848485,-0.576021823322533,0.169257340241796,0.169314453462269,-1.59049366216492,TRUE,TRUE,TRUE,TRUE,410,29958
"manner","all_periods",23,23,357,2657,407,978,42,396,42,1347,"a",1,0.979166666666667,3.85014760171006,0.134362062476477,0.134499623777276,-1.86174640746146,0.416155419222904,0.416241062308478,-0.338223550553948,0.106060606060606,0.107052896725441,-2.12120427004181,0.0311804008908686,0.0315281899109792,-3.42483731220881,TRUE,TRUE,TRUE,TRUE,23,3658
"matter","all_periods",2,4,264,1304,169,574,25,115,55,807,"s",0.5,0.5,0,0.202453987730061,0.202681992337165,-1.36961539453534,0.294425087108014,0.294782608695652,-0.872267946734963,0.217391304347826,0.219827586206897,-1.2666713985415,0.0681536555142503,0.0686881188118812,-2.60701797587064,TRUE,TRUE,TRUE,TRUE,4,1882
"meat","all_periods",3,4,164,1110,5,83,6,34,5,111,"s",0.75,0.7,0.847297860387203,0.147747747747748,0.148064806480648,-1.74986040044395,0.0602409638554217,0.0654761904761905,-2.65835053254994,0.176470588235294,0.185714285714286,-1.47810191037301,0.045045045045045,0.0491071428571429,-2.96339689291105,TRUE,TRUE,TRUE,TRUE,4,1197
"mercy","all_periods",1,3,30,852,4,84,1,24,14,118,"a",0.333333333333333,0.375,-0.510825623765991,0.0352112676056338,0.0357561547479484,-3.29462179902616,0.0476190476190476,0.0529411764705882,-2.88417978764824,0.0416666666666667,0.06,-2.75153531304195,0.11864406779661,0.121848739495798,-1.97503842197834,TRUE,TRUE,TRUE,TRUE,3,939
"middaneard_world","all_periods",0,0,2,965,0,0,0,0,0,0,"a",,0.5,0,0.00207253886010363,0.0025879917184265,-5.95428175598027,,0.5,0,,0.5,0,,0.5,0,FALSE,TRUE,FALSE,FALSE,0,965
"might","all_periods",2,18,114,1199,34,112,27,112,48,255,"a",0.111111111111111,0.131578947368421,-1.88706964903238,0.0950792326939116,0.0954166666666667,-2.24922116632405,0.303571428571429,0.305309734513274,-0.822139300751049,0.241071428571429,0.243362831858407,-1.13433037127019,0.188235294117647,0.189453125,-1.45356754172732,TRUE,TRUE,TRUE,TRUE,18,1329
"milk","all_periods",0,0,17,342,3,23,1,9,1,26,"s",,0.5,0,0.0497076023391813,0.0510204081632653,-2.92316158071916,0.130434782608696,0.145833333333333,-1.76766191764899,0.111111111111111,0.15,-1.73460105538811,0.0384615384615385,0.0555555555555556,-2.83321334405622,FALSE,TRUE,TRUE,FALSE,0,365
"mood","all_periods",0,4,87,1675,9,14,3,4,5,21,"a",0,0.1,-2.19722457733622,0.0519402985074627,0.0522076372315036,-2.898906660346,0.642857142857143,0.633333333333333,0.54654370636807,0.75,0.7,0.847297860387203,0.238095238095238,0.25,-1.09861228866811,TRUE,TRUE,TRUE,TRUE,4,1693
"name","all_periods",5,6,433,3975,75,779,19,58,146,1025,"a",0.833333333333333,0.785714285714286,1.29928298413026,0.108930817610063,0.109029175050302,-2.10069617534424,0.0962772785622593,0.0967948717948718,-2.23335567508376,0.327586206896552,0.330508474576271,-0.705886206337375,0.142439024390244,0.142787524366472,-1.79232813572049,TRUE,TRUE,TRUE,TRUE,6,4760
"night","all_periods",4,4,378,2919,121,558,4,179,27,785,"a",1,0.9,2.19722457733622,0.129496402877698,0.129623287671233,-1.90429366400945,0.216845878136201,0.217352415026834,-1.28116244301707,0.0223463687150838,0.025,-3.66356164612965,0.0343949044585987,0.0349872773536896,-3.31715679411606,TRUE,TRUE,TRUE,TRUE,4,3481
"oil","all_periods",0,0,6,572,2,42,0,8,2,51,"s",,0.5,0,0.0104895104895105,0.0113438045375218,-4.46767490356647,0.0476190476190476,0.0581395348837209,-2.78501124223834,0,0.0555555555555556,-2.83321334405622,0.0392156862745098,0.0480769230769231,-2.98568193770049,FALSE,TRUE,TRUE,FALSE,0,614
"rice_power","all_periods",0,0,47,1796,0,0,0,0,0,0,"a",,0.5,0,0.0261692650334076,0.0264329437952142,-3.60635560076715,,0.5,0,,0.5,0,,0.5,0,FALSE,TRUE,FALSE,FALSE,0,1796
"right","all_periods",0,3,118,1055,70,174,13,70,53,236,"a",0,0.125,-1.94591014905531,0.111848341232227,0.112215909090909,-2.06830379726938,0.402298850574713,0.402857142857143,-0.393574361586643,0.185714285714286,0.190140845070423,-1.44909526235892,0.224576271186441,0.225738396624473,-1.23253301359266,TRUE,TRUE,TRUE,TRUE,3,1232
"salt","all_periods",0,0,32,326,4,28,3,7,11,42,"s",,0.5,0,0.098159509202454,0.099388379204893,-2.20403891375595,0.142857142857143,0.155172413793103,-1.69459572077441,0.428571428571429,0.4375,-0.251314428280906,0.261904761904762,0.267441860465116,-1.00764051046238,FALSE,TRUE,TRUE,FALSE,0,354
"seaw_juice","all_periods",0,0,2,137,0,0,0,0,0,0,"s",,0.5,0,0.0145985401459854,0.0181159420289855,-3.9926809084456,,0.5,0,,0.5,0,,0.5,0,FALSE,TRUE,FALSE,FALSE,0,137
"seed","all_periods",1,4,98,665,5,64,6,14,36,128,"s",0.25,0.3,-0.847297860387204,0.147368421052632,0.147897897897898,-1.75118420117751,0.078125,0.0846153846153846,-2.38122822031316,0.428571428571429,0.433333333333333,-0.268263986594679,0.28125,0.282945736434109,-0.929896383929934,TRUE,TRUE,TRUE,TRUE,4,733
"ship","all_periods",3,5,1005,2076,122,469,39,91,156,667,"c",0.6,0.583333333333333,0.336472236621213,0.484104046242775,0.484111699566683,-0.0635746057009249,0.260127931769723,0.26063829787234,-1.04265363502007,0.428571428571429,0.429347826086957,-0.284512497690502,0.233883058470765,0.234281437125749,-1.18429157541147,TRUE,TRUE,TRUE,TRUE,5,2550
"silver","all_periods",0,2,1,391,16,34,1,13,0,34,"s",0,0.166666666666667,-1.6094379124341,0.00255754475703325,0.0038265306122449,-5.56196286117158,0.470588235294118,0.471428571428571,-0.114410351177744,0.0769230769230769,0.107142857142857,-2.12026353620009,0,0.0142857142857143,-4.23410650459726,TRUE,TRUE,TRUE,TRUE,2,427
"sin","all_periods",23,35,1663,3719,74,294,113,228,128,563,"a",0.657142857142857,0.652777777777778,0.631271776841858,0.447163215918258,0.447177419354839,-0.212081692211947,0.251700680272109,0.252542372881356,-1.08509856950139,0.495614035087719,0.495633187772926,-0.0174676930403909,0.227353463587922,0.227836879432624,-1.22056589195728,TRUE,TRUE,TRUE,TRUE,35,4048
"son","all_periods",0,0,938,4457,119,564,11,22,175,751,"c",,0.5,0,0.210455463316132,0.21052041274114,-1.32179135702162,0.210992907801418,0.211504424778761,-1.3158808755393,0.5,0.5,0,0.233022636484687,0.233377659574468,-1.18933629680319,FALSE,TRUE,TRUE,FALSE,0,5021
"soul","all_periods",13,13,677,3394,97,445,36,114,69,566,"a",1,0.964285714285714,3.29583686600433,0.199469652327637,0.199558173784978,-1.38905806624151,0.217977528089888,0.218609865470852,-1.27378585219678,0.315789473684211,0.317391304347826,-0.765786364199917,0.121908127208481,0.122574955908289,-1.9682688040279,TRUE,TRUE,TRUE,TRUE,13,3852
"stench","all_periods",0,4,0,0,0,0,0,0,0,0,"s",0,0.1,-2.19722457733622,,0.5,0,,0.5,0,,0.5,0,,0.5,0,TRUE,FALSE,FALSE,FALSE,0,4
"stone","all_periods",3,9,441,1103,99,227,8,13,56,302,"c",0.333333333333333,0.35,-0.619039208406224,0.399818676337262,0.399909420289855,-0.405842537816362,0.436123348017621,0.43640350877193,-0.255771260170727,0.615384615384615,0.607142857142857,0.435318071257845,0.185430463576159,0.186468646864686,-1.47312135533035,TRUE,TRUE,TRUE,TRUE,9,1339
"substance","all_periods",0,0,53,421,43,251,6,29,14,281,"s",,0.5,0,0.125890736342043,0.126777251184834,-1.92975905772743,0.171314741035857,0.172619047619048,-1.56717810314422,0.206896551724138,0.216666666666667,-1.28519824424852,0.0498220640569395,0.0514184397163121,-2.91497091690953,FALSE,TRUE,TRUE,FALSE,0,672
"þearf_need","all_periods",0,0,197,728,0,0,0,0,0,0,"a",,0.5,0,0.270604395604396,0.270919067215364,-0.989964613440826,,0.5,0,,0.5,0,,0.5,0,FALSE,TRUE,FALSE,FALSE,0,728
"tree","all_periods",5,8,671,1347,128,346,50,76,161,529,"c",0.625,0.611111111111111,0.451985123743057,0.498144023756496,0.498145400593472,-0.00741843164755052,0.369942196531792,0.370317002881844,-0.53085711020037,0.657894736842105,0.655844155844156,0.644828603289138,0.304347826086957,0.304716981132075,-0.82493556896668,TRUE,TRUE,TRUE,TRUE,8,1701
"venom","all_periods",0,0,0,60,0,14,0,0,0,19,"s",,0.5,0,0,0.00819672131147541,-4.79579054559674,0,0.0333333333333333,-3.36729582998647,,0.5,0,0,0.025,-3.66356164612965,FALSE,TRUE,TRUE,FALSE,0,74
"virtue","all_periods",6,8,312,1007,23,115,46,80,90,233,"a",0.75,0.722222222222222,0.955511445027436,0.309831181727905,0.310019841269841,-0.800026542187041,0.2,0.202586206896552,-1.37020822336827,0.575,0.574074074074074,0.298492988555997,0.386266094420601,0.386752136752137,-0.460985184493795,TRUE,TRUE,TRUE,TRUE,8,1130
"water","all_periods",6,13,316,3025,27,517,13,63,150,739,"s",0.461538461538462,0.464285714285714,-0.143100843640673,0.104462809917355,0.104593522802379,-2.14719615342194,0.0522243713733075,0.0530888030888031,-2.88123927433289,0.206349206349206,0.2109375,-1.31928365083693,0.20297699594046,0.203378378378378,-1.3653116357885,TRUE,TRUE,TRUE,TRUE,13,3555
"wer_man","all_periods",0,0,299,1733,0,0,0,0,0,0,"c",,0.5,0,0.172533179457588,0.172722029988466,-1.56645721786592,,0.5,0,,0.5,0,,0.5,0,FALSE,TRUE,FALSE,FALSE,0,1733
"wet","all_periods",0,2,30,225,0,5,1,4,0,6,"s",0,0.166666666666667,-1.6094379124341,0.133333333333333,0.134955752212389,-1.85783369581205,0,0.0833333333333333,-2.39789527279837,0.25,0.3,-0.847297860387204,0,0.0714285714285714,-2.56494935746154,TRUE,TRUE,TRUE,TRUE,2,232
"wife","all_periods",2,2,489,2734,127,219,7,18,20,254,"c",1,0.833333333333333,1.6094379124341,0.178858814923189,0.178976234003656,-1.52329903055723,0.579908675799087,0.579545454545455,0.320907720080101,0.388888888888889,0.394736842105263,-0.42744401482694,0.078740157480315,0.0803921568627451,-2.43703070174197,TRUE,TRUE,TRUE,TRUE,2,2955
"wisdom","all_periods",0,12,6,1077,4,85,2,13,1,101,"a",0,0.0384615384615385,-3.2188758248682,0.00557103064066852,0.00602968460111317,-5.10501263801204,0.0470588235294118,0.0523255813953488,-2.89652562347054,0.153846153846154,0.178571428571429,-1.52605630349505,0.0099009900990099,0.0147058823529412,-4.20469261939097,TRUE,TRUE,TRUE,TRUE,12,1174
"wood","all_periods",0,3,115,614,35,179,3,9,38,222,"s",0,0.125,-1.94591014905531,0.187296416938111,0.18780487804878,-1.46433706812676,0.195530726256983,0.197222222222222,-1.40374681107112,0.333333333333333,0.35,-0.619039208406224,0.171171171171171,0.172645739910314,-1.56699122218684,TRUE,TRUE,TRUE,TRUE,3,796
"work","all_periods",14,31,1407,3229,98,406,77,167,227,791,"a",0.451612903225806,0.453125,-0.18805223150294,0.43573861876742,0.435758513931889,-0.258394103868968,0.241379310344828,0.242014742014742,-1.1416652951674,0.461077844311377,0.461309523809524,-0.155071914346579,0.286978508217446,0.287247474747475,-0.908790145198712,TRUE,TRUE,TRUE,TRUE,31,3666
"wyrd_fate","all_periods",0,0,11,109,0,0,0,0,0,0,"a",,0.5,0,0.100917431192661,0.104545454545455,-2.14770951280884,,0.5,0,,0.5,0,,0.5,0,FALSE,TRUE,FALSE,FALSE,0,109
"wyrt_plant","all_periods",0,0,237,1089,0,0,0,0,0,0,"c",,0.5,0,0.21763085399449,0.217889908256881,-1.27800558568298,,0.5,0,,0.5,0,,0.5,0,FALSE,TRUE,FALSE,FALSE,0,1089
"year","all_periods",199,199,2526,6956,237,1265,292,443,232,2031,"a",1,0.9975,5.98896141688989,0.363139735480161,0.363159407790714,-0.561677498755394,0.187351778656126,0.187598736176935,-1.46568908561832,0.659142212189616,0.658783783783784,0.657879041722487,0.114229443623831,0.114419291338583,-2.04637390249167,TRUE,TRUE,TRUE,TRUE,199,8420
